id,first_name,last_name,email,gender,country,joining_date,salary,department,age
1,Philly,Mosley,pmosley0@1und1.de,Female,Indonesia,5/7/2020,73809,Jewelry,50
2,,Weeks,nweeks1@wiley.com,Male,China,3/30/2020,72532,Clothing,41
3,,Swinn,vswinn2@umich.edu,Female,China,4/3/2022,69807,Grocery,53
4,Ailbert,Jellico,ajellico3@github.io,Male,Indonesia,11/6/2023,68649,Games,64
5,Elnar,Dekeyser,edekeyser4@parallels.com,Male,Japan,8/7/2024,71888,Kids,35
6,Caresse,Lovick,clovick5@biblegateway.com,Female,Armenia,6/4/2023,63974,,26
7,Vale,Beagrie,vbeagrie6@weather.com,Male,China,5/26/2024,70797,Games,51
8,Roldan,Lorincz,rlorincz7@seattletimes.com,Male,Sweden,4/14/2024,73401,Health,26
9,Rozalie,Barbier,rbarbier8@1und1.de,Female,Australia,8/3/2023,71872,Tools,35
10,Saba,Wank,swank9@indiegogo.com,Female,Brazil,2/15/2026,81939,,161
11,,Esposita,tespositaa@imgur.com,Female,Nepal,7/28/2020,72356,Industrial,35
12,Simona,Largent,slargentb@bigcartel.com,Genderqueer,Russia,,64308,Tools,38
13,,Filipchikov,jfilipchikovc@1688.com,Female,Bolivia,5/4/2022,73602,Garden,47
14,Eugenio,Rikel,erikeld@purevolume.com,Male,Ethiopia,5/14/2021,82311,Clothing,58
15,Amerigo,Crang,acrange@ask.com,Male,Philippines,10/17/2032,62863,Movies,24
16,Guthry,Ambrois,gambroisf@usnews.com,Male,Poland,3/9/2021,69103,Grocery,56
17,Jone,Sheere,jsheereg@wufoo.com,Male,China,2/24/2024,78410,Industrial,64
18,Raven,,rsoppitth@homestead.com,Female,China,6/5/2023,79685,Beauty,44
19,Igor,Schmuhl,ischmuhli@bbc.co.uk,Male,Russia,12/29/2020,80550,,46
20,Ingeberg,Rymour,irymourj@nyu.edu,,Guatemala,1/10/2024,89820,,52
21,Beale,Bruckenthal,bbruckenthalk@privacy.gov.au,Male,Nicaragua,8/27/2020,63965,Baby,31
22,Bary,Nuton,bnutonl@google.ru,Genderqueer,China,6/6/2023,76168,Outdoors,61
23,Noland,Digman,ndigmanm@wordpress.org,Male,Palestinian Territory,4/5/2020,66191,Outdoors,58
24,Gene,Gwyneth,ggwynethn@vimeo.com,Female,Cameroon,6/9/2025,74142,Electronics,53
25,Abbot,O'Lynn,aolynno@yelp.com,Male,United States,5/29/2024,85401,Music,59
26,Lorry,Murthwaite,lmurthwaitep@uol.com.br,Bigender,China,2/26/2023,75374,Jewelry,24
27,Reed,Calkin,rcalkinq@fc2.com,Male,Brazil,,77333,Music,58
28,,Bernaert,lbernaertr@nba.com,Male,China,8/14/2022,87771,Automotive,30
29,,Ferrolli,,Female,Indonesia,1/1/2021,87577,Books,54
30,Liva,Tassell,,Female,Brazil,7/31/2020,62654,Games,57
31,Stinky,Olkowicz,solkowiczu@auda.org.au,Male,Indonesia,5/14/2020,84586,,38
32,Carlo,Sanz,csanzv@goo.ne.jp,Male,Thailand,1/13/2021,66769,Grocery,29
33,Caitlin,Dumphry,cdumphryw@arizona.edu,,Somalia,7/14/2023,75256,Outdoors,45
34,Barbaraanne,Bonefant,bbonefantx@abc.net.au,,China,12/26/2025,75497,Outdoors,57
35,Tansy,Yantsurev,tyantsurevyted.com,Female,Indonesia,9/21/2023,73246,Beauty,41
36,Sergio,Heap,sheapz@topsy.com,Male,Brazil,5/5/2025,80768,Jewelry,56
37,Oona,Crowson,ocrowson10@altervista.org,Female,China,4/6/2026,80535,Home,38
38,Maren,Burnel,mburnel11@google.de,Female,Indonesia,12/26/2021,84042,Health,45
39,Ware,Billiard,,Male,Ireland,4/14/2022,74470,Movies,29
40,Addison,Wanell,awanell13ftc.gov,Bigender,Uruguay,1/1/2024,69445,,26
41,Jessie,Hassur,jhassur14@state.gov,Male,Argentina,4/22/2022,88806,Kids,48
42,Pepita,Blackbrough,,Female,Paraguay,3/15/2026,83771,Grocery,26
43,Baldwin,Minker,bminker16@stanford.edu,Male,China,7/3/2025,87269,Health,32
44,Leeland,Shelton,lshelton17@slideshare.net,Male,China,11/13/2020,74628,Outdoors,27
45,Allsun,cornhill,acornhill18@bloglovin.com,Female,France,5/1/2025,84068,Electronics,63
46,Igor,Schmuhl,ischmuhli@bbc.co.uk,Male,Russia,12/29/2020,80550,,46
47,Ingeberg,Rymour,irymourj@nyu.edu,,Guatemala,1/10/2024,-567383,,52
48,,Swinn,vswinn2@umich.edu,Female,China,4/3/2022,69807,Grocery,53
49,Ailbert,Jellico,ajellico3@github.io,Male,Indonesia,11/6/2023,68649,Games,64
50,Elnar,Dekeyser,edekeyser4parallels.com,Male,Japan,8/7/2024,71888,Kids,35
